No,Farmer,Village,District,CloseFarMaputo,Date,FG,Gender,Educ-Level,NoSchool,SecondaryEduc,Family,Age,Young,Farmland,Association,NameAssociation,Credit,Mobilephone,Smartphone,Extensionist,CChere,AffectingHere,HarvestDecreased,HighTemperature,MoreRainfall,Drought,Pests,Storms,PatternsChanged,NewCrops,ImprovedSeeds,Fertilizers,Machinery,Credits,Storage,AcessMarkets,Post-harvest,InformationPrices,Pesticides,PlantingMethods,Irrigation,Herbicides,Dam,PrepareSoil,WhoAskForNewInfor,ExtensionistUse,MobilephoneUse,SmartphoneUse,AssociationsUse,CDR_Use,FriendsUse,CommMeetUse,ExpFarmersUse,LeadersUse,NewspapersUse,RadioUse,FilmShowsUse,TelevisionUse,ChurchUse,SalesmenUse,SeminarsUse,ExtensionistPref,MobilephonePref,SmartphonePref,AssociationPref,CDR_Pref,FriendsPref,CommMeetPref,ExpFarmersPref,LeadersPref,NewspapersPref,RadioPref,FilmShowsPref,TelevisionPref,ChurchPref,SalesmenPref,SeminarsPref,Lackvisit,KnowledgeExtensionist,Illiteracy,NativeLang,LackRadio,LackTV,InfoOld ,PoorCommu,LackInfoSources,CostICTS,LackElectricity,LackCentres,LackWill,HowToImp,name_inq,Comments
1,Farmer,Chitambo,Marrupa,Far,11/5/2019,1,0,Primary,0,0,7,34,1,3,0,NA,0,1,0,1,1,0,1,1,0,0,0,1,0,0,0,3,5,0,0,3,0,4,0,0,0,0,0,0,NA,1,1,0,1,1,1,1,1,0,0,1,0,0,0,0,0,0,0,0,0,0,0,0,0,0,0,0,0,0,0,0,0,5,0,0,0,5,0,0,3,3,5,0,3,5,Extensionist could use a speaker so that more farmers could attend the meetings,NA,NA
2,Farmer,Mirorane,Marrupa,Far,11/7/2019,1,1,NoSchool,1,0,6,55,0,2,1,DEMALIBA,0,0,0,0,1,0,0,1,0,0,1,1,0,5,5,5,2,5,5,5,0,2,5,4,5,0,0,0,NA,1,1,1,1,1,1,1,1,1,1,1,1,1,1,1,1,5,5,0,5,5,4,5,3,5,0,5,5,5,3,2,3,2,2,3,3,3,1,0,1,3,4,1,3,2,Improve communication mass media. Use of telephone,NA,NA
3,Farmer,Mirorane,Marrupa,Far,11/7/2019,1,1,Primary,0,0,6,26,1,NA,0,NA,0,1,0,0,1,0,1,0,0,1,1,1,0,0,0,5,0,0,0,0,0,0,0,0,0,0,0,0,"Friends, family and neighbours",1,1,0,1,1,1,1,0,1,1,1,1,0,1,0,0,4,4,5,4,3,4,0,0,0,0,0,0,3,0,0,0,5,5,1,1,5,4,0,1,1,3,2,0,1,"The extensionist should stay more often and more time in the Community. When they have a problem, that he can come quickly. ",NA,NA
4,Farmer,Changausa,Marrupa,Far,11/8/2019,0,1,Primary,0,0,1,55,0,3,0,NA,0,0,0,NA,NA,0,0,0,0,0,0,0,0,5,4,1,2,0,0,0,0,0,0,0,3,0,0,0,NA,0,0,0,0,1,1,1,1,1,0,1,1,1,0,1,1,5,3,1,5,5,5,5,5,5,5,5,5,5,5,0,0,4,1,4,1,4,1,0,0,0,4,4,0,3,"She talks with her grandaughters, who talk with extensionist. That the extensionist visitted her farmland. ",NA,NA
5,Farmer,Chitambo,Marrupa,Far,11/8/2019,0,1,NoSchool,1,0,8,25,1,NA,0,NA,0,0,0,0,1,0,0,0,0,0,0,1,0,0,3,5,0,0,0,0,0,0,4,0,3,4,0,0,Family,0,0,0,0,0,1,1,1,1,0,1,0,0,1,1,0,3,1,4,5,1,5,5,5,5,5,5,5,5,5,5,5,0,0,0,0,0,0,0,0,0,0,0,0,0,That the extensionist visitted individual farmlands. ,NA,NA
6,Farmer,Changausa,Marrupa,Far,11/8/2019,1,1,NoSchool,1,0,7,55,0,NA,0,NA,0,0,0,1,1,0,0,0,1,0,0,1,0,0,3,4,0,0,0,5,0,0,4,0,3,0,0,0,NA,0,0,0,0,0,1,0,0,1,0,1,0,0,0,1,0,5,5,5,1,5,5,5,5,5,1,5,5,5,5,0,0,4,1,2,1,4,1,0,1,0,4,0,0,1,Extension officers could buy their production. They could provide inputs to shel them to farmers. The extensionist could visit individual farmlands. ,NA,NA
7,Farmer,Chitambo,Marrupa,Far,11/8/2019,0,1,Primary,0,0,4,30,1,1,0,NA,0,0,0,0,NA,0,0,0,0,0,0,0,0,0,3,4,0,3,0,0,0,0,4,0,5,0,0,0,NA,1,1,0,1,1,1,1,0,1,0,1,0,0,1,1,0,5,5,5,5,5,5,5,5,5,5,5,5,0,3,3,5,1,1,4,1,2,1,0,1,0,1,4,0,3,-,NA,NA
8,Farmer,Chitambo,Marrupa,Far,11/8/2019,0,1,Primary,0,0,3,30,1,1,0,NA,0,0,0,1,1,0,0,0,1,0,0,1,0,0,3,3,0,0,0,5,0,0,4,0,4,0,0,0,Nobody,1,0,0,1,1,1,1,1,1,0,1,0,0,1,1,0,5,5,5,5,5,5,5,5,5,2,5,5,5,5,5,5,1,1,5,1,2,1,0,1,0,1,5,0,2,That the extensionist visitted individual farmlands. ,NA,NA
9,Farmer,Chitambo,Marrupa,Far,11/8/2019,1,1,NoSchool,1,0,8,40,0,1,1,DEMALIBA,0,0,0,NA,1,0,0,0,1,0,0,1,0,0,5,3,2,4,0,0,0,0,2,0,4,3,0,0,Extensionist from NGO,1,0,0,1,1,1,0,1,0,0,0,0,0,0,1,1,5,5,5,5,5,5,5,5,5,5,5,5,5,5,5,5,2,1,5,2,3,0,0,0,0,4,4,0,2,To have mobile phone to contact extension offier in case of necessity. ,NA,NA
10,Farmer,Chitambo,Marrupa,Far,11/8/2019,1,1,Primary,0,0,10,44,0,1,1,DEMALIBA,0,0,0,1,1,0,0,0,1,0,0,1,0,0,4,4,3,0,0,2,0,0,5,0,3,0,0,0,"Community leader, family.",1,0,0,1,1,1,1,0,1,0,1,0,0,0,1,1,5,5,5,5,5,5,5,5,5,5,5,5,5,5,5,5,2,1,5,1,2,1,0,1,0,5,5,0,1,She can do ir herself. ,NA,NA
11,Farmer,Chitambo,Marrupa,Far,11/8/2019,1,1,NoSchool,1,0,7,45,0,4,1,NA,0,0,0,1,1,0,0,0,1,0,0,1,0,0,5,4,4,3,3,0,0,0,0,0,0,0,0,0,"Extensionis, Family, neighbours, Other people",1,0,0,1,1,1,1,1,0,0,0,0,0,0,1,1,4,4,4,4,4,4,4,4,4,5,4,4,4,4,4,4,1,1,5,1,5,5,0,1,0,5,1,0,1,That the extensionist visitted individual farmlands. ,NA,NA
12,Farmer,Chitambo,Marrupa,Far,11/8/2019,NA,1,Primary,0,0,8,53,0,6,1,Nowela,0,1,0,1,1,0,0,0,0,0,0,1,0,0,5,4,2,3,3,2,0,0,4,0,0,2,0,0,Extension officer. When he comes or by phone. ,1,0,0,1,1,1,0,1,0,1,0,0,0,1,0,1,5,5,5,5,5,5,5,5,5,5,5,5,5,5,5,5,3,1,0,1,5,5,0,1,0,5,5,0,4,-,NA,NA
13,Farmer,Chitambo,Marrupa,Far,11/8/2019,NA,1,Primary,0,0,6,36,1,NA,0,NA,0,1,0,0,1,0,0,0,0,0,0,1,0,0,3,4,5,4,0,0,0,0,0,0,0,0,0,0,Family and friends,1,0,0,0,1,1,1,1,1,0,1,0,0,0,0,1,5,5,5,5,3,5,5,4,5,4,5,5,5,4,5,5,2,4,5,0,1,1,0,4,5,4,2,0,1,That the extensionist visitted individual farmlands. ,NA,NA
14,Farmer,Chitambo,Marrupa,Far,11/8/2019,1,0,Primary,0,0,5,56,0,2,1,DEMALIBA,0,0,0,1,1,0,1,0,1,0,0,1,0,0,0,4,0,5,0,0,0,0,4,0,0,0,0,0,Extension officer,1,0,0,1,1,1,1,1,1,0,0,0,0,1,1,0,5,5,5,5,5,4,3,3,3,4,3,2,2,5,5,5,3,3,2,5,5,5,0,0,2,5,5,5,5,-,NA,NA
15,Farmer,Chitambo,Marrupa,Far,11/8/2019,0,0,Primary,0,0,3,20,1,1,0,NA,0,0,0,0,1,0,1,0,1,0,0,1,0,5,0,0,0,4,0,0,0,0,0,0,4,0,0,0,NA,1,0,0,0,0,1,1,1,1,0,0,0,0,1,1,0,2,0,0,3,3,4,5,4,3,2,3,4,3,4,2,3,3,3,3,3,5,5,0,3,5,5,0,3,3,That the extensionist visitted ALL individual farmlands. ,NA,NA
16,Farmer,Chitambo,Marrupa,Far,11/8/2019,0,0,NoSchool,1,0,4,88,0,1,0,NA,0,0,0,0,1,0,0,0,0,1,0,1,1,4,0,5,0,0,0,0,0,0,4,0,0,0,0,0,He does not rely on nobody. He relies in his ancestors. ,0,0,0,0,0,0,0,0,0,0,0,0,0,0,0,0,0,0,0,0,0,0,0,0,0,0,0,0,0,0,0,0,0,0,0,0,0,0,0,0,0,0,0,0,0,-,NA,NA
17,Farmer,Chitambo,Marrupa,Far,11/8/2019,1,0,Primary,0,0,8,38,0,2,1,DEMALIBA,0,NA,NA,1,1,0,0,0,0,0,0,1,1,0,0,4,4,5,0,0,0,0,0,0,0,0,0,0,Extension officer. Radio.,1,1,0,1,0,1,1,1,1,0,1,1,0,1,1,0,5,5,5,5,5,5,5,4,1,2,4,1,5,1,2,5,3,3,0,0,5,5,0,0,0,5,5,1,2,Increase messages through radio.,NA,NA
18,Farmer,Chitambo,Marrupa,Far,11/8/2019,1,0,Primary,0,0,7,55,0,4,1,DEMALIBA,0,0,0,0,1,0,1,0,0,0,0,1,0,0,0,4,4,0,0,0,0,0,0,0,4,0,0,0,Extension officer. ,1,0,0,1,1,1,1,1,1,1,1,1,0,1,1,1,2,3,3,3,3,2,2,1,1,2,3,2,5,3,1,1,0,3,0,0,0,1,0,2,2,4,5,5,3,Increase messages through radio.,NA,NA
19,Farmer,Chitambo,Marrupa,Far,11/8/2019,1,0,NoSchool,1,0,8,50,0,2,1,DEMALIBA,0,0,0,0,1,0,1,0,0,0,0,1,1,0,0,0,4,0,0,0,0,0,4,0,5,0,0,0,Own experience. Extensionista never visited his farmland. ,1,0,0,1,1,1,1,1,1,0,1,0,0,1,0,1,5,4,4,3,3,2,2,3,2,4,4,4,3,5,5,5,4,3,3,4,5,3,0,3,4,3,4,5,5,That the extensionist visitted individual farmlands. ,NA,NA
20,Farmer,Chitambo,Marrupa,Far,11/8/2019,0,0,Primary,0,0,4,32,1,1,0,NA,0,0,0,0,NA,0,0,0,0,0,0,0,0,5,0,4,0,0,0,0,0,0,0,0,4,0,0,0,Own experience. ,0,0,0,0,0,1,1,1,1,0,0,0,0,1,1,0,1,2,2,3,3,2,2,3,2,3,5,3,0,3,4,3,5,5,0,0,5,5,0,0,3,4,3,3,3,More information throguh telephone. More extensionists. ,NA,NA
21,Farmer,Chitambo,Marrupa,Far,11/8/2019,0,0,Primary,0,0,6,60,0,2,0,NA,0,1,0,0,NA,0,0,0,0,0,0,0,0,5,4,0,4,0,0,0,0,0,0,0,0,0,0,0,Radio. Extensionist.,1,1,0,1,1,1,1,1,1,0,1,0,0,1,1,0,5,5,5,5,5,5,3,2,4,3,5,5,3,4,5,5,5,3,0,1,5,0,0,3,4,5,5,5,3,Activate radio (now it is not working). That the extensionist visitted individual farmlands.,NA,NA
22,Farmer,Chitambo,Marrupa,Far,11/8/2019,0,0,Primary,0,0,6,26,1,2,0,NA,0,1,0,0,NA,0,0,0,0,0,0,0,0,0,0,5,0,0,0,4,0,0,4,0,0,0,0,0,Extension officer. MLT,1,1,0,1,1,1,1,1,1,0,1,0,0,1,1,0,5,1,5,2,2,5,5,4,5,5,5,3,5,3,3,4,5,5,0,1,5,0,0,1,3,5,5,4,5,Increase extensionist visits.,NA,NA
23,Farmer,Changausa,Marrupa,Far,11/8/2019,0,0,Primary,0,0,3,25,1,2,0,NA,0,0,0,0,NA,0,0,0,0,0,0,0,0,0,4,4,0,0,0,0,0,0,5,0,0,0,0,0,NA,1,0,0,0,0,1,1,1,1,0,1,0,0,1,1,0,5,5,2,5,5,2,5,5,5,5,5,4,5,5,3,4,5,5,1,1,5,0,0,4,3,5,5,3,4,"With electricity and TV, he could substitute the extension officer. If there is no TV, Extension officer is important. ",NA,NA
24,Farmer,Changausa,Marrupa,Far,11/8/2019,1,0,Primary,0,0,5,28,1,0.5,0,NA,0,0,0,0,1,0,1,0,0,0,0,1,0,4,0,0,0,5,0,0,0,0,0,0,4,0,0,0,Radio. Extensionist.,1,1,0,1,1,1,1,1,1,0,0,0,0,1,1,0,5,5,5,5,5,3,5,3,5,5,5,5,5,4,4,5,0,5,0,1,5,0,0,2,3,5,5,2,1,Increase messages through radio.,NA,NA
25,Farmer,Changausa,Marrupa,Far,11/8/2019,1,0,NoSchool,1,0,4,31,1,3.5,1,NA,0,1,0,0,1,0,0,0,1,0,0,0,0,0,5,0,0,4,0,0,0,0,4,0,0,0,0,0,Extensionist from association.,1,1,0,1,1,1,1,1,1,0,1,0,0,1,0,0,5,4,5,5,5,5,4,5,5,3,5,5,5,5,3,4,0,0,3,0,0,0,0,3,2,0,5,5,5,Increase extensionist visits.,NA,NA
26,Farmer,Changausa,Marrupa,Far,11/8/2019,1,0,Primary,0,0,5,27,1,1,1,DEMALIBA,0,0,0,0,1,0,1,0,1,0,0,1,0,0,4,0,4,0,0,0,0,0,5,0,0,0,0,0, Extensionist.,1,1,0,1,1,1,1,1,1,1,0,0,0,1,1,0,4,4,5,5,5,3,5,5,5,5,4,4,4,5,5,5,0,5,5,1,4,0,4,4,3,5,5,4,3,That the extensionist visitted individual farmlands. ,NA,NA
27,Farmer,Changausa,Marrupa,Far,11/8/2019,0,0,Primary,0,0,5,28,1,1,0,NA,0,1,1,1,1,0,1,0,1,0,0,1,0,4,0,0,4,5,0,0,0,0,0,0,0,0,0,0,Extension officer. MLT,1,1,0,0,0,1,1,1,1,0,1,0,0,1,0,1,5,5,5,5,5,5,5,5,4,5,5,5,3,5,0,4,5,5,0,1,5,0,0,0,4,0,5,5,4,Direct contact with extensionist. More frequent and regular visits.,NA,NA
28,Farmer,Changausa,Marrupa,Far,11/8/2019,1,0,Primary,0,0,9,53,0,2,1,Poupanca,1,1,0,0,1,0,1,0,0,0,0,1,0,4,0,0,5,0,0,0,0,0,4,0,0,0,0,0,"Family, ancestors. MLT",1,1,0,1,1,1,1,1,1,0,1,0,0,1,1,0,5,5,5,3,3,3,5,4,5,5,5,5,5,5,5,5,1,3,0,2,0,0,2,3,3,5,3,3,3,To bring electricity (to be able to use radios). More frequent visits by Extensionist. ,NA,NA
29,Farmer,Changausa,Marrupa,Far,11/8/2019,0,0,Secondary,0,1,2,21,1,2,0,NA,0,1,1,0,1,0,0,0,0,0,0,0,1,0,5,0,0,4,0,0,0,0,4,0,0,0,0,0,MLT,0,1,0,1,1,1,1,1,1,0,1,0,0,0,0,0,5,4,0,3,3,5,5,5,5,5,5,5,5,0,2,5,5,0,0,0,0,0,0,0,2,5,3,5,3,Promote Smart Phones and other technologies. Increase messages through radio. Increase extensionist visits.,NA,NA
30,Farmer,Chitambo,Marrupa,Far,11/8/2019,0,0,Primary,0,0,2,21,1,1,0,NA,0,0,0,0,1,0,1,0,0,0,0,1,0,5,4,0,0,0,0,0,0,0,0,0,4,0,0,0, Extensionist.,0,0,0,0,0,1,1,1,1,0,0,0,0,0,0,0,2,5,5,4,4,3,2,4,2,2,3,2,4,4,4,4,4,5,3,0,5,5,0,2,2,4,5,2,3,Increase messages through radio. To distribute radios at low prices.,NA,NA
31,Farmer,Changausa,Marrupa,Far,11/8/2019,0,1,NoSchool,1,0,5,25,1,NA,1,DEMALIBA,0,0,0,NA,NA,0,0,0,0,0,0,0,0,0,4,3,0,5,0,0,0,0,4,0,3,0,0,0,NA,1,1,0,1,1,1,1,1,1,0,0,0,0,0,1,1,4,5,5,5,5,5,5,1,5,3,5,5,5,5,5,5,3,1,1,1,1,1,0,1,0,4,1,0,1,-,NA,NA
32,Farmer,Changausa,Marrupa,Far,11/8/2019,1,1,NoSchool,1,0,9,35,1,NA,0,NA,0,0,0,NA,1,0,0,0,0,0,0,1,0,5,3,4,0,0,0,3,0,0,4,0,0,0,0,0,NA,0,0,0,0,0,1,1,0,0,0,0,0,0,0,0,0,4,5,5,3,3,2,5,5,5,5,5,5,5,5,0,5,0,0,0,0,0,0,0,0,0,0,0,0,0,The extensionist could help them to shel the production. ,NA,NA
33,Farmer,Changausa,Marrupa,Far,11/8/2019,1,1,NoSchool,1,0,3,60,0,NA,0,NA,0,0,0,NA,1,0,0,0,0,0,0,1,0,5,3,4,0,0,0,3,0,0,4,0,0,0,0,0,NA,0,0,0,0,0,1,1,0,0,0,0,0,0,0,0,0,4,5,0,3,3,2,5,5,5,5,5,5,5,5,0,5,0,0,0,0,0,0,0,0,0,0,0,0,0,-,NA,NA
34,Farmer,Matlatibuti,Mabalane,Far,11/11/2019,0,1,Primary,0,0,4,24,1,NA,1,NA,0,1,0,0,1,0,1,0,0,1,0,0,1,3,4,2,4,2,2,4,0,3,4,5,5,0,0,0, Extensionist. Mobile phone,1,1,0,1,1,1,1,1,1,0,0,0,0,1,0,1,5,4,0,3,3,4,5,5,4,4,3,5,4,4,0,4,5,3,4,0,5,5,0,0,1,5,5,5,5,"To make a focal point in Mabalane, so that they can communicate with the government and viceversa. To train people from the community. Better access to telephone. ",NA,NA
35,Farmer,Tindzawine,Mabalane,Far,11/12/2019,0,0,Primary,0,0,7,41,0,3,0,NA,0,0,0,0,1,0,1,0,0,1,0,0,0,2,5,2,5,3,4,4,0,3,2,3,5,0,0,0, Extensionist.,1,0,0,0,0,1,1,1,1,0,0,0,0,1,1,1,3,4,4,4,4,3,5,4,3,5,3,4,4,3,3,3,0,0,0,0,5,4,0,0,4,3,5,4,3,Improve Radio connection - se�al y captacion ,NA,NA
36,Farmer,Tindzawine,Mabalane,Far,11/12/2019,0,1,Primary,0,0,5,35,1,2,1,Lidlaza,0,1,0,1,1,0,0,0,0,1,0,0,0,3,2,4,5,5,5,4,0,4,5,5,5,0,0,0, Extensionist.,1,1,1,1,1,1,1,1,1,0,0,1,0,1,0,1,2,3,3,2,2,1,2,4,4,4,4,2,3,3,4,4,1,1,0,3,2,4,0,1,5,5,5,4,5,Improve Radio connection - se�al y captacion ,NA,NA
37,Farmer,Tindzawine,Mabalane,Far,11/12/2019,0,0,Primary,0,0,1,56,0,0.5,1,Esquezen,0,1,0,0,1,0,0,0,0,1,0,0,0,5,5,5,5,2,1,2,0,3,1,2,1,0,0,0,Radio,1,1,1,1,1,1,1,1,1,0,1,1,0,1,1,0,1,1,1,5,5,2,3,1,4,4,1,1,2,1,5,3,5,4,5,4,4,3,0,4,5,5,1,2,3,"Improve Radio connection - se�al y captacion. And TV connection, that currently it does not exist.",NA,NA
38,Farmer,Tindzawine,Mabalane,Far,11/12/2019,0,0,Primary,0,0,11,32,1,4,1,NA,0,1,0,0,1,0,0,0,0,1,0,0,0,0,4,3,5,2,1,4,0,5,5,4,1,0,0,0,Extensionist.,1,1,1,1,1,1,1,1,1,0,1,1,0,0,0,1,5,5,5,5,5,2,4,5,5,5,5,5,5,4,5,5,2,3,0,0,0,2,0,3,1,1,1,3,2,Introduce internet and SmartPhones,NA,NA
39,Farmer,Tindzawine,Mabalane,Far,11/12/2019,0,1,Secondary,0,1,8,23,1,3,0,NA,0,1,0,0,1,0,0,0,0,1,0,0,1,4,5,5,5,0,4,5,0,3,5,5,5,0,0,0,Radio,1,1,1,0,0,0,0,1,0,0,0,0,0,1,1,0,5,5,5,4,4,4,5,5,4,5,4,5,5,4,3,5,0,0,0,2,5,5,0,3,0,5,5,4,4,To bring electricity. Access to technologies (radio and TV). ,NA,NA
40,Farmer,Tindzawine,Mabalane,Far,11/12/2019,0,1,NoSchool,1,0,10,43,0,6,1,Save the children,0,0,0,0,1,0,0,0,0,1,0,0,1,4,5,5,5,4,5,5,0,5,5,4,5,0,0,0,Radio. Neighbourghs,1,1,1,1,1,1,1,1,1,0,0,0,0,1,1,1,5,5,5,5,5,4,5,5,5,5,5,5,5,5,4,5,1,0,2,1,3,2,0,1,4,2,4,4,4,To bring electricity (to be able to use radios).,NA,NA
41,Farmer,Tindzawine,Mabalane,Far,11/12/2019,0,1,Primary,0,0,4,21,1,1,0,NA,0,0,0,1,1,0,1,1,0,1,0,0,0,1,4,5,4,5,4,3,0,2,4,5,5,0,0,0,NA,1,0,0,1,0,1,1,1,0,0,1,0,0,0,0,0,5,3,3,0,0,4,3,2,0,5,3,2,2,1,1,1,4,3,2,1,1,5,0,0,5,5,5,5,5,"To train people from the community, so that they come back and help the community",NA,NA
42,Farmer,Tindzawine,Mabalane,Far,11/12/2019,1,0,Primary,0,0,1,77,0,0,0,NA,0,1,0,0,1,0,1,1,0,1,0,0,0,5,5,2,5,4,4,4,0,5,5,4,3,0,5,0,NA,1,0,0,0,1,1,1,1,0,1,0,0,0,1,1,0,5,1,0,5,4,4,4,4,0,4,5,4,0,3,4,4,5,0,4,0,4,4,0,4,4,1,2,5,2,To set an agriculture School. To train people from the community. ,NA,NA
43,Farmer,Mavumbuque,Mabalane,Far,11/13/2019,1,0,Primary,0,0,4,38,0,1,0,NA,0,1,0,0,1,0,1,1,0,1,0,0,0,5,3,2,5,3,2,2,0,4,5,4,5,0,0,0,Own Experience. Farmer trained outside the Community who came back.,0,0,0,0,0,1,1,1,1,0,0,0,0,1,1,0,4,5,5,4,4,4,2,2,5,5,5,4,5,5,5,5,5,3,0,0,4,3,0,2,4,5,5,4,1,Improve Radio connection - se�al y captacion ,NA,NA
44,Farmer,Mavumbuque,Mabalane,Far,11/13/2019,1,1,Primary,0,0,6,41,0,6,0,NA,0,1,0,0,1,They have no water. Hunger increased a lot. ,1,0,0,1,0,0,0,2,5,3,5,5,5,4,0,4,5,4,5,0,5,0,Ancestors. Farmer trained outside the Community who came back.,1,1,0,0,0,1,1,1,1,0,1,0,0,0,1,0,5,5,5,4,4,2,3,5,2,1,4,4,5,0,5,2,1,3,0,2,1,2,0,3,5,5,5,4,2,Increase extensionist visits.,NA,NA
45,Farmer,Mavumbuque,Mabalane,Far,11/13/2019,1,1,NoSchool,1,0,10,39,0,2,1,Charcoal Association,0,1,0,1,1,0,0,0,0,1,0,0,0,5,4,5,5,3,4,5,0,4,3,5,4,0,5,0,-,1,0,0,1,0,1,1,1,1,0,0,0,0,0,0,0,5,5,5,4,4,3,5,4,4,5,5,4,5,4,5,5,5,5,5,0,4,4,0,0,5,4,5,4,3,"Increase extensionist visits. To train people from the community, so that they come back and help the community",NA,NA
46,Farmer,Mavumbuque,Mabalane,Far,11/13/2019,1,0,Primary,0,0,4,65,0,3,0,NA,0,0,0,0,1,0,0,0,0,1,0,0,1,4,3,3,5,2,5,2,0,5,2,2,5,0,5,0,Ancestors. Neighbours. Community leader. ,1,1,0,0,0,1,1,1,1,1,1,1,0,1,1,0,4,3,3,4,5,4,5,5,4,4,4,3,4,4,4,4,4,5,2,2,5,3,0,2,5,3,3,4,4,"To communicate more information to Community leader, and he can distribute it within the community. ",NA,NA
47,Farmer,Marracuene-Galunde,Marracuene,Close,11/15/2019,1,0,Primary,0,0,4,32,1,1,1,NA,0,1,1,1,1,0,0,1,0,0,0,0,0,3,4,5,5,2,5,5,0,5,5,5,5,0,0,0,Extensionist.,1,1,1,1,1,1,1,1,1,1,1,1,1,1,1,1,5,5,5,5,5,5,5,5,5,5,5,5,5,5,5,5,0,1,4,0,5,5,0,0,1,1,5,5,2,To train extension officers in different tematicas,NA,NA
48,Farmer,Marracuene-Galunde,Marracuene,Close,11/15/2019,0,1,Primary,0,0,9,49,0,0.25,1,Andre Awade,0,1,0,0,0,0,0,0,0,0,0,0,0,4,3,3,4,3,3,4,0,3,3,4,3,0,0,0,Neighbours,1,0,0,1,1,1,1,1,1,0,0,0,0,0,1,1,1,3,3,3,3,3,4,3,4,5,4,3,3,0,4,4,4,3,3,0,4,4,0,4,4,4,4,4,1,"To train extension officers in how to improve communication with farmers, how to communicate so that they understand better the explanations. ",NA,NA
49,Farmer,Marracuene-Galunde,Marracuene,Close,11/15/2019,1,0,Primary,0,0,7,25,1,1.5,1,Andre Awade,0,1,1,1,0,0,0,0,0,0,0,0,0,5,5,5,3,5,4,5,5,4,5,5,5,0,0,0,Association. ,1,1,1,1,1,1,1,1,1,0,1,1,1,1,1,1,5,5,5,5,4,5,5,5,4,5,5,4,4,5,5,5,5,5,0,0,0,0,0,0,0,1,0,5,0,-,NA,NA
50,Farmer,Marracuene-Galunde-Cote,Marracuene,Close,11/15/2019,1,0,Secondary,0,1,7,33,1,0.25,1,Andre Awade,0,1,1,1,1,0,0,0,0,1,0,0,0,5,4,3,0,2,0,4,0,5,5,5,4,0,0,0,Radio from mobile phone,1,1,1,1,1,1,1,1,1,1,1,1,0,1,1,1,5,5,5,4,3,4,3,5,3,2,4,2,5,5,2,4,5,3,0,0,3,5,0,3,0,4,4,5,3,To share information about prices. The existence of a fund to help small farmers. Organize farmers to read the labels of inputs,NA,NA
51,Farmer,Marracuene-Galunde-Cote,Marracuene,Close,11/15/2019,1,1,Secondary,0,1,15,25,1,0.5,1,Andre Awade,0,1,0,1,1,0,0,1,0,0,0,0,0,4,5,5,3,3,5,5,0,5,5,5,5,0,0,0,Mobile phone - President of association.,1,1,0,1,1,1,1,1,1,0,0,1,1,1,1,1,4,4,4,4,4,4,5,4,5,5,4,5,4,5,3,5,2,3,0,0,2,0,0,0,0,4,0,5,0,Increase extensionist visits.,NA,NA
52,Farmer,Massaca I,Boane,Close,11/16/2019,1,0,NoSchool,1,0,11,69,0,6,0,NA,0,1,0,0,1,0,0,0,0,1,0,0,1,3,0,0,5,0,0,2,0,2,3,3,0,0,0,0,"Neighbours, family and friends",0,0,0,1,1,1,1,1,1,0,1,0,0,1,1,0,0,2,0,3,3,1,1,2,3,0,1,1,1,3,1,1,0,0,0,3,2,0,0,1,1,2,3,0,1,Install community radio,NA,NA
53,Farmer,Massaca I,Boane,Close,11/16/2019,0,1,Primary,0,0,2,55,0,6,0,NA,0,0,0,0,1,0,0,0,0,1,0,0,0,1,5,4,5,0,3,2,0,0,2,2,0,0,0,0,Community leader,1,1,0,1,1,1,1,1,1,0,1,0,0,1,1,0,3,1,0,3,2,1,2,1,1,0,3,2,3,2,2,1,0,2,0,0,3,4,0,0,1,5,0,1,2,Install community radio,NA,NA
54,Farmer,Massaca I,Boane,Close,11/16/2019,1,0,Primary,0,0,2,51,0,3,0,NA,0,1,0,0,1,0,0,0,0,1,0,0,0,0,5,5,5,0,5,5,0,5,5,5,5,0,0,0,"Radio. Friends, family and neighbours",1,1,0,0,1,1,1,1,1,0,1,0,0,0,0,1,5,5,5,5,5,5,5,5,5,5,5,5,5,5,5,5,5,0,3,4,0,5,0,0,5,5,5,3,0,To set an extensionis permanently in the community. Help them to get inputs. ,NA,NA
55,Farmer,Massaca I,Boane,Close,11/16/2019,1,1,Primary,0,0,12,54,0,4,0,NA,0,1,0,1,1,0,1,0,0,0,0,0,0,0,5,3,3,0,5,4,0,0,5,4,5,0,0,0,Family and friends,1,1,0,1,1,1,1,1,1,0,0,0,1,1,1,1,5,5,0,4,5,5,5,5,5,5,5,5,5,5,5,5,5,0,0,0,0,0,0,0,0,4,0,0,1,Install community radio,NA,NA
56,Farmer,Massaca I,Boane,Close,11/16/2019,1,0,NoSchool,1,0,3,65,0,3.5,0,NA,0,1,0,NA,1,Change in price of tractor,0,1,0,1,0,0,0,5,4,1,5,0,3,1,0,1,4,1,5,0,0,0,Own Knowledge and ancestors,0,0,0,0,0,0,0,0,0,0,1,0,0,0,1,0,5,5,5,0,4,0,2,3,5,5,4,1,1,1,3,5,4,0,4,0,3,2,0,0,5,5,5,1,5,Help them to hire tractors,NA,NA
57,Farmer,Massaca I,Boane,Close,11/16/2019,1,1,NoSchool,1,0,10,40,0,3,0,NA,0,1,0,0,1,0,0,1,0,1,0,0,0,5,5,5,5,0,4,4,0,4,4,4,4,0,0,0,NA,1,1,0,1,1,1,0,1,0,0,0,0,1,1,1,0,4,4,5,5,5,3,3,5,4,5,3,3,3,5,3,3,3,0,5,0,4,3,0,1,4,4,4,1,5,Extensionis is the best method,NA,NA
58,Farmer,Mahanhane,Boane,Close,7/11/2020,0,0,Primary,0,0,10,62,0,0.7,0,NA,0,1,1,NA,1,"No tempo chuvoso ficam à espera das chuvas e a mesma é escassa, precisam deslocar se às zonas mais baixas para obter água.",0,0,0,1,0,0,0,5,2,5,5,5,5,5,0,0,0,0,0,0,0,0,NA,0,0,0,0,0,0,0,1,0,0,0,0,0,0,0,0,5,0,0,0,0,0,0,0,0,0,0,0,0,0,0,0,5,0,0,0,0,0,NA,0,0,5,0,0,0,Melhoria dos equipamentos agrícolas.,Yara,NA
59,Farmer,Mahanhane,Boane,Close,7/11/2020,0,0,Primary,0,0,5,47,0,1,0,NA,0,1,0,NA,1,Falta de chuvas em quantidades suficientes para à produção agrícola,1,0,0,1,0,0,0,5,5,3,3,0,0,2,0,0,0,0,5,0,0,0,NA,0,0,0,0,0,0,0,0,0,0,1,0,0,0,0,0,5,5,0,0,0,0,0,0,0,0,0,0,0,0,0,0,5,5,0,0,0,0,NA,0,0,0,0,0,0,Ter mais visitas de extencionistas.,Yara,NA
60,Farmer,Mahanhane,Boane,Close,7/11/2020,0,0,Primary,0,0,4,47,0,1,0,NA,0,1,0,NA,1,Frequência de chuvas,0,0,0,1,0,0,1,5,5,5,0,0,0,0,0,0,0,0,5,0,0,0,NA,0,0,0,0,0,0,0,1,0,0,0,0,0,0,0,0,3,3,0,0,0,0,0,0,0,0,5,0,0,0,0,0,5,0,0,0,5,5,NA,0,0,0,0,0,0,Visitas de extencionistas,Yara,NA
61,Farmer,Mahanhane,Boane,Close,7/11/2020,0,1,Primary,0,0,5,52,0,1,0,NA,0,1,0,NA,0,NA,0,0,0,0,0,0,0,5,0,5,2,0,0,0,0,0,0,0,5,0,0,0,NA,0,0,0,0,0,1,0,1,0,0,0,0,0,0,0,0,0,5,0,0,0,0,0,0,0,0,0,0,0,0,0,0,5,0,0,0,0,0,NA,0,0,0,0,0,0,Via extencionistas,Yara,NA
62,Farmer,Mahanhane,Boane,Close,7/11/2020,0,1,Primary,0,0,7,53,0,1,0,NA,0,1,0,NA,0,NA,0,0,0,0,0,0,0,3,0,0,5,0,0,0,0,0,0,0,5,0,0,0,NA,0,0,0,0,0,1,0,1,0,0,0,0,0,0,0,0,5,5,0,0,0,0,0,0,0,0,0,0,0,0,0,0,5,0,0,0,0,0,NA,0,0,0,0,0,0,NA,Yara,NA
63,Farmer,Mahelane,Boane,Close,7/11/2020,0,0,Primary,0,0,7,65,0,0.1,1,Tsakami,0,1,0,NA,1,"Frequência de chuvas, secas",0,0,0,1,0,0,1,5,3,5,3,0,0,0,0,0,5,0,5,0,0,0,NA,0,0,0,1,0,0,0,1,0,0,0,0,0,0,0,1,2,4,0,5,0,0,0,5,0,0,0,0,0,0,0,5,5,0,5,0,0,0,NA,0,0,0,0,0,0,"Disseminação local, exemplo o secretário do bairro participa de um seminário e vem transmitir à informação",Yara,.
64,Farmer,Mahelane,Boane,Close,7/11/2020,0,0,Primary,0,0,6,44,0,0.5,0,NA,0,1,0,NA,1,Chuvas irregulares,0,0,0,0,0,0,1,5,0,5,5,0,0,0,0,0,0,0,5,0,0,0,NA,0,0,0,1,0,0,0,1,0,0,1,0,1,0,0,0,0,5,0,5,0,0,0,0,3,0,3,0,5,0,0,0,5,0,0,0,0,3,NA,0,5,0,0,0,0,NA,Yara,NA
65,Farmer,Mahelane,Boane,Close,7/11/2020,0,0,Primary,0,0,9,55,0,0.3,1,Semear,0,1,0,NA,1,"Chuvas,secas",0,0,0,1,0,0,1,5,2,5,5,0,0,0,0,0,0,0,5,0,0,0,NA,0,0,0,1,0,0,0,1,0,0,1,0,0,0,0,0,0,5,0,5,0,0,0,0,0,0,0,0,0,0,0,0,2,0,0,0,0,5,NA,0,0,0,0,0,0,NA,Yara,NA
66,Farmer,Mahanhane,Boane,Close,7/11/2020,0,1,NoSchool,1,0,7,64,0,0.3,0,NA,0,1,0,NA,1,Poucas chuvas ultimamente,0,0,0,1,0,0,0,2,1,5,1,4,5,5,4,5,1,2,5,1,0,0,NA,1,0,0,0,0,0,1,0,0,0,0,0,0,0,1,0,5,1,0,0,0,4,5,5,0,0,0,0,0,0,0,0,3,3,5,5,5,5,NA,5,0,5,1,1,0,Apartir da divulgacao nas escolas de agricultura,Inacio,"Ajuda na plantacao de algumas culturas, Tomate que depois de um tempo apodrece"
67,Farmer,Mahanhane,Boane,Close,7/11/2020,0,1,Primary,0,0,6,55,0,1,0,NA,0,1,0,NA,1,AQUECE MUITO E ha falta de agua nos dias de hoje,0,1,0,1,0,0,0,1,4,1,4,4,1,2,2,1,4,4,5,0,0,0,NA,0,0,0,0,0,1,0,1,0,0,0,0,0,0,0,0,5,0,0,5,0,2,4,5,5,1,1,0,1,0,3,5,1,4,5,1,5,5,NA,5,1,4,1,5,1,Fazer encontros e reunioes,Inacio,"Como é fazem o acompanhamento das informacoes que recolhem, para podermos melhorar apos o resultado das entrevistas"
68,Farmer,Mahanhane,Boane,Close,7/11/2020,0,1,NoSchool,1,0,6,59,0,1,0,NA,0,0,0,NA,1,"Muitas culturas crescem pouco ou temmtamanho reduzido, e desconfia que Seja o clima",1,0,0,0,0,0,0,4,5,5,5,4,1,5,2,0,5,5,5,1,0,0,NA,1,0,0,0,0,1,1,0,0,0,0,0,0,0,1,0,5,0,0,5,0,4,5,5,4,1,5,1,4,4,5,5,1,5,5,1,5,5,NA,1,5,5,5,0,0,Nenhuma resposta,Inacio,NA
69,Farmer,Mahanhane,Boane,Close,7/11/2020,0,1,NoSchool,1,0,5,62,0,2,1,Fundacao encontro,0,0,0,NA,1,Muita falta de chuva nos ultimos anos,0,0,0,1,0,0,0,1,5,5,5,1,5,1,1,0,5,5,5,1,0,0,NA,0,0,0,1,0,0,1,0,0,0,0,0,0,0,0,0,5,5,0,5,0,5,5,5,5,1,1,0,1,4,5,5,0,0,5,0,5,5,NA,0,0,4,5,0,0,Nenhuma,Inacio,NA
70,Farmer,Mahanhane,Boane,Close,7/11/2020,0,1,NoSchool,1,0,8,61,0,1,0,NA,0,1,0,NA,0,As chuvas continuam a cair mas nao na mesma proporcao,0,0,0,1,0,0,0,1,5,5,5,0,4,5,0,5,5,0,5,0,0,0,NA,1,0,0,0,0,1,0,0,0,0,0,0,0,0,0,0,5,0,0,5,0,5,5,5,5,0,1,0,1,0,5,0,0,3,5,0,5,5,NA,0,5,5,0,5,5,Nenhuma,Inacio,"Quais sao as formas de ajuda que dao , alem de ajudar no conhecimento de praticas agricolas. Doenca e idade nao permitem continuae a trabalhar"
71,Farmer,Mahanhane,Boane,Close,7/11/2020,0,1,NoSchool,1,0,11,40,0,1,0,NA,0,1,0,NA,1,Nao tem caido chuva,0,0,0,1,0,0,0,0,4,5,0,5,5,0,0,5,0,0,5,5,0,0,NA,0,0,0,0,0,1,0,0,0,0,0,0,0,0,1,0,5,5,0,0,0,4,4,5,1,0,0,0,5,0,5,0,1,5,5,0,5,5,NA,5,1,4,5,1,0,Fornecer mais Apoio com radios ambulantes para trahsmissao,Inacio,Há problema de ataque de pragas nas machambas
72,Farmer,Mahelane,Boane,Close,7/11/2020,0,0,Primary,0,0,8,63,0,2,1,44 hectare,0,1,0,NA,1,Falta de chuva por periodos longos,0,0,0,1,0,0,0,4,5,5,5,4,2,5,0,0,5,5,5,0,0,0,NA,1,0,0,1,0,0,1,1,1,0,1,0,1,0,1,1,5,5,0,5,5,0,5,2,0,0,1,0,5,1,4,4,0,1,4,1,0,0,NA,1,5,5,1,0,1,Obter mais edtencionisat e aumentando as escolas,Inacio,Informacao sobre tipos de tecnologias a usar
73,Farmer,Mahelane,Boane,Close,7/11/2020,0,1,Primary,0,0,2,49,0,1,0,NA,0,1,0,NA,0,Problemas de chuva e aquece muito,0,0,0,1,0,0,0,0,1,1,4,4,5,5,0,5,1,4,5,1,0,0,NA,1,0,0,0,0,0,0,0,0,0,0,0,0,0,0,0,5,1,0,4,1,5,5,5,0,1,1,0,5,1,5,0,1,1,5,1,1,5,NA,4,4,4,5,1,4,Uso de Reunioes do distrito,Inacio,Como irao nos ajudar pois as formas de conseguir um aumento de produtividade produtividade nas machambas esta cada vez mais complicada
74,Farmer,Mahelane,Boane,Close,7/11/2020,0,1,NoSchool,1,0,5,60,0,2,1,Lhaya Nlhala (Mata fome),0,1,0,NA,1,Falta de chuva,0,0,0,1,0,0,0,3,5,4,5,5,5,4,4,1,5,4,5,0,0,0,NA,1,0,0,1,0,0,1,0,0,0,0,0,0,0,0,0,5,1,0,5,1,4,5,4,5,1,2,1,1,2,2,5,1,3,4,4,4,4,NA,5,4,4,1,4,1,Apartir de reunioes nos tempos de semeadura,Inacio,Como pudemos lhe dar com problemas de ataques de praga porque é um factor que piora a nossa producao do milho pra alem da falta de chuvas
75,Farmer,Mahanhane,Boane,Close,7/11/2020,0,1,Secondary,0,1,6,55,0,0.5,0,NA,0,1,1,NA,1,"A epoca das sementeiras mudou. Antes era normal começar semear em Setembro, gora Novembro ou dezembro ",0,0,0,0,0,0,1,3,5,3,4,0,3,2,4,3,4,4,0,2,0,0,NA,1,0,1,0,0,1,0,0,0,0,1,0,0,0,0,0,5,2,3,4,5,4,4,5,5,2,3,4,5,4,4,5,3,0,0,0,0,0,NA,0,2,5,4,0,0,Visitas deveriam ser mais frequentes. Encontros entre agricultores devem acontecer sempre,Sa,NA
76,Farmer,Mahanhane,Boane,Close,7/11/2020,0,1,Primary,0,0,12,75,0,0.5,1,Fundacao couto,0,1,0,NA,1,A produção baixou,1,0,0,0,0,0,0,5,5,5,5,0,5,0,5,0,5,5,5,5,0,0,NA,1,0,0,0,0,0,0,0,0,0,0,0,0,0,0,0,5,3,0,5,5,4,5,5,5,0,5,0,0,3,0,0,0,1,3,0,5,0,NA,0,1,0,5,0,1,Não tem ni deia,Sa,NA
77,Farmer,Mahanhane,Boane,Close,7/11/2020,0,0,Secondary,0,1,6,60,0,1,0,NA,0,0,0,NA,1,Actualmente não chove. Se chove chove de qualquer maneira. Calor está demais,0,1,0,1,0,0,1,5,5,5,5,0,2,5,5,5,5,5,5,2,0,0,NA,1,0,0,0,0,0,0,0,0,0,0,0,0,0,0,0,5,2,2,5,5,3,5,5,5,0,2,2,2,1,1,0,0,0,0,0,0,0,NA,0,0,2,5,1,0,O extensiomista está sempre no terreno. Telefone ,Sa,NA
78,Farmer,Mahanhane,Boane,Close,7/11/2020,0,1,Primary,0,0,6,49,0,3,0,NA,0,1,0,NA,1,Não ha chuva suficiente. Naonsai nada machamba. ,1,0,0,1,0,0,0,3,5,0,5,0,3,5,0,1,2,5,5,1,0,0,NA,1,0,0,0,0,0,0,0,0,0,0,0,0,0,0,0,5,5,0,4,4,5,5,5,5,0,4,0,0,5,0,0,1,0,1,0,5,0,NA,1,1,3,5,1,0,Visitas frequentes de extensionistas,Sa,NA
79,Farmer,Mahelane,Boane,Close,7/11/2020,0,0,Secondary,0,1,8,52,0,1,1,Tira wa mavoko,0,1,0,NA,1,Actualmente está mais frio. Agora aquece menos. Agora chove menos,0,0,0,1,0,0,0,5,5,5,5,5,0,5,0,2,5,5,5,4,0,0,NA,1,0,0,0,0,0,0,0,0,0,0,0,0,0,0,0,5,5,2,5,5,3,5,4,5,0,5,0,2,3,0,0,0,0,0,0,3,4,NA,1,3,5,5,0,0,Gostaria se ter Internet para pesquisar sobre assuntos de agricultura ,Sa,NA
80,Farmer,Mahelane,Boane,Close,7/11/2020,0,1,NoSchool,1,0,8,52,0,0.5,1,Tarô wa mavoko,0,1,0,NA,1,Actualmente está muito frio,0,0,0,0,0,0,0,5,5,4,5,0,2,3,3,5,5,5,4,5,0,0,NA,1,0,0,0,0,1,0,0,0,0,0,0,0,0,0,0,5,2,0,3,5,5,4,5,2,0,5,0,0,4,0,0,0,1,1,1,5,0,NA,1,0,2,5,0,0,Recomenda que a TV desse em linguagem acessível. Língua local,Sa,NA
81,Farmer,Mahelane,Boane,Close,7/11/2020,0,0,Primary,0,0,4,77,0,0.5,0,NA,0,1,0,NA,1,Actualmente chove menos,0,0,0,1,0,0,0,5,2,3,4,3,5,1,1,5,5,5,4,5,0,0,NA,1,0,0,0,0,1,0,0,0,0,1,0,0,0,0,0,5,5,1,5,5,5,5,5,5,0,5,0,5,5,2,0,1,1,0,0,0,1,NA,2,1,3,5,0,0,Telefone e a melhor via para difundir informação  ,Sa,NA
82,Farmer,Mahanhane,Boane,Close,7/11/2020,0,1,Secondary,0,1,15,26,1,0.6,1,André Awate,0,1,0,NA,1,"A temperatura aumentou, a produção reduziu um pouco a producao",1,1,0,0,0,0,0,5,5,5,5,5,5,5,5,5,5,5,4,5,0,0,NA,1,0,0,1,1,1,1,0,0,0,0,0,1,0,1,0,5,5,5,5,5,4,5,4,5,5,4,5,5,4,5,1,1,0,0,0,5,5,NA,0,5,5,5,5,4,"Ter Telefone, televisao",Sa,NA
83,Farmer,Mahanhane,Boane,Close,7/11/2020,0,1,NoSchool,1,0,1,54,0,1,1,Andrade Awate,0,1,0,NA,1,"Mudança de temperatura, a produção reduziu, muito frio e muito calor ",1,1,0,0,0,0,1,5,5,5,4,0,4,4,4,5,5,5,5,5,0,0,NA,1,0,0,1,1,1,1,1,0,0,1,0,1,1,0,0,5,0,0,5,5,5,5,5,3,0,4,0,4,4,4,0,3,2,3,1,0,0,NA,3,0,0,0,1,1,As rádios devem dar sempre informação sobre agricultura,Sa,NA
84,Farmer,Mahelane,Boane,Close,7/11/2020,0,1,Secondary,0,1,4,53,0,1,1,Maria da Luz Guebuza,0,1,1,NA,1,"Torna difícil cultivar arroz, água está salgada",0,0,0,0,0,0,0,5,5,4,5,2,4,5,5,5,5,4,5,2,0,0,NA,1,0,0,0,0,0,0,0,0,0,0,0,0,0,0,0,5,5,5,5,5,3,4,4,4,1,5,0,5,5,2,0,0,0,0,0,0,0,NA,1,2,1,5,5,2,Usar telefone,Sa,"Como melhorar a produção de arroz com a intrusão salina? No passado tinha gado, actualmente já não tem gado. Precisa apoio de tractor. Não percebeu bem as questões. "
85,Farmer,Mahelane,Boane,Close,7/11/2020,0,0,Secondary,0,1,8,58,0,0.75,1,Maria da Luz,0,1,1,NA,1,Agricultura mudou muito. As épocas de sementeira mudou muito. No passado comiam mandioca e batata doce. Agora semeiam arroz e regem,0,0,0,0,0,0,1,5,5,2,5,3,4,5,5,5,5,5,5,2,0,0,NA,1,0,0,1,1,1,1,1,0,1,1,0,1,0,0,0,5,5,0,5,5,3,5,5,4,5,5,5,5,3,2,0,2,1,0,0,0,0,NA,0,3,4,2,4,0,Deve se usar televisão e rádio pois reduz o deslocamento do tecnico,Sa,NA
86,Farmer,Odzoana,Marracuene,Close,7/25/2020,0,0,Primary,0,0,12,66,0,3,1,Maria da Luz,0,1,0,NA,1,Ha muita crise de seca,0,0,0,1,0,0,0,1,4,5,4,2,4,5,1,4,5,3,3,5,0,0,NA,0,0,0,1,0,0,1,0,1,0,1,1,0,0,0,0,0,2,0,4,1,0,5,4,4,1,1,1,1,0,4,4,0,0,1,1,4,1,NA,4,1,1,5,2,2,Marcar reunioes frequentes com associacoes,Inacio,NA
87,Farmer,Odzoana,Marracuene,Close,7/25/2020,0,1,NoSchool,1,0,11,56,0,2,1,Maria da Luz,0,0,0,NA,1,Nao tem chovido frequentemente,0,0,0,1,0,0,1,3,4,4,5,1,5,1,4,1,4,2,5,4,0,0,NA,0,0,0,1,1,0,0,1,1,0,0,0,0,0,0,0,1,0,0,5,3,3,4,4,4,1,1,0,2,0,4,4,1,1,0,1,3,3,NA,1,4,1,4,1,4,Atravez da associacao,Inacio,NA
88,Farmer,Ngalunde,Marracuene,Close,7/25/2020,0,1,Primary,0,0,2,58,0,2,1,Andre Awade,0,1,0,NA,1,Ja nao chove muito como antigamente,0,0,0,1,0,0,0,2,4,4,4,4,2,4,4,1,5,4,5,3,0,0,NA,0,0,0,0,0,0,1,1,1,0,0,0,0,0,0,0,4,1,1,5,2,3,3,5,5,1,1,0,0,0,3,5,1,4,1,4,5,1,NA,0,1,3,3,1,0,Uso da associacao de forma mais eficiente,Inacio,NA
89,Farmer,Ngalunde,Marracuene,Close,7/25/2020,0,1,NoSchool,1,0,10,49,0,0.4,1,Andre Awade,0,1,0,NA,1,Os meses chuvosos estao a tornar-se mais curtos,0,0,0,1,0,0,1,2,4,4,5,1,4,5,3,2,5,1,5,5,0,0,NA,0,0,0,1,0,1,1,1,1,0,0,0,0,0,0,0,0,1,0,1,3,5,5,4,4,0,1,0,0,0,2,5,1,4,1,1,3,0,NA,4,1,2,4,1,4,Difundir a partir da associacao,Inacio,NA
90,Farmer,Ngalunde,Marracuene,Close,7/25/2020,0,1,NoSchool,1,0,5,39,0,0.3,1,Andre Awade,0,0,0,NA,1,"Tem periodos que chove muito e estraga as plantacoes, mas fica muito tempo sem voltar a chover",0,0,0,1,0,1,0,1,4,5,5,2,4,4,1,2,5,4,5,5,0,0,NA,0,0,0,1,0,1,1,0,0,0,0,0,0,0,1,0,1,1,0,2,1,5,3,4,2,1,2,0,1,0,4,2,1,1,2,4,1,1,NA,0,1,1,4,3,1,Uso da associacao de forma mais eficiente,Inacio,NA
91,Farmer,Odzoana,Marracuene,Close,7/25/2020,0,1,NoSchool,1,0,6,60,0,1,1,Maria da Luz,0,1,0,NA,1,A chuva esta escassa ultimamente,0,0,0,1,0,0,0,3,4,4,2,1,5,1,3,1,5,4,4,5,0,0,NA,0,0,0,1,0,1,0,1,1,0,0,0,0,0,0,0,0,1,0,0,1,3,3,3,1,0,4,4,0,2,1,1,0,1,1,0,1,0,NA,4,3,1,5,1,3,Reunioes comunitarias,Inacio,NA
92,Farmer,Odzoana,Marracuene,Close,7/25/2020,0,1,NoSchool,1,0,2,71,0,2,1,Maria da Luz,0,0,0,NA,1,Achuva nao cai como antigamente,0,0,0,1,0,0,1,0,4,4,1,4,4,1,0,1,4,4,4,1,0,0,NA,0,0,0,1,1,1,1,0,0,0,0,0,0,0,0,0,0,0,0,3,1,0,3,0,2,4,0,0,0,0,1,3,0,1,4,0,3,0,NA,0,0,2,0,1,0,Reunioes com associacao,Inacio,NA
93,Farmer,Odzoana,Marracuene,Close,7/25/2020,0,0,Secondary,0,1,9,50,0,2,1,Andre Awade,0,1,1,NA,1,"Anos atras tem sofrido muito, mas estes anos tem chovido regularmente",1,0,0,0,0,0,0,1,3,5,4,3,4,1,4,5,5,3,5,4,0,0,NA,1,0,0,0,0,1,1,1,1,0,0,0,0,0,1,0,3,1,0,4,4,1,3,3,4,1,1,0,2,0,3,5,0,0,1,0,1,3,NA,1,1,1,4,1,1,Interagir directamente com membros da associacao que tem informacao mais realista das culturas e epocas,Inacio,Como o estudo que fazem pode ajudar a valorizar o agricultor
94,Farmer,Odzoana,Marracuene,Close,7/25/2020,0,0,Primary,0,0,9,45,0,3,1,Maria da Luz,0,1,0,NA,1,"Falta de chuva, aumento de temperatura",0,1,0,1,0,0,0,2,5,5,3,3,5,3,3,3,5,3,5,5,0,0,NA,1,0,0,1,1,0,0,0,0,0,1,0,0,0,0,1,2,0,0,5,0,0,2,4,2,0,0,0,0,0,0,5,5,0,0,0,0,0,NA,0,0,0,0,0,0,"Aumentar as visitas de extensionistas, sinal de radio e televisao",Yara,NA
95,Farmer,Ngalunde,Marracuene,Close,7/25/2020,0,0,Primary,0,0,7,46,0,1,1,Andre Awade,0,1,0,NA,1,Aumento da temperatura,0,1,0,0,0,0,0,0,4,0,5,4,0,0,0,0,3,2,5,0,0,0,NA,1,1,0,1,1,0,1,0,0,0,0,0,0,0,0,0,5,2,0,5,5,3,1,2,0,0,3,0,0,0,0,0,2,0,0,0,3,2,NA,0,0,0,0,0,0,Devemos ter visitas mais frquentes dos extensionistas,Yara,NA
96,Farmer,Ngalunde,Marracuene,Close,7/25/2020,0,0,Primary,0,0,10,40,0,0.09,1,Andre Awade,0,1,0,NA,0,NA,0,0,0,0,0,0,0,0,2,5,5,2,0,0,1,0,5,2,2,0,0,0,NA,0,0,0,1,0,0,1,1,0,0,0,0,0,0,0,0,5,0,0,5,5,0,0,0,0,0,0,0,0,0,0,0,1,2,0,1,0,0,NA,0,0,0,0,0,0,Continuar a investir nos campos de demostracao de resultados e visitas mais frequentes,Yara,NA
97,Farmer,Odzoana,Marracuene,Close,7/25/2020,0,0,Primary,0,0,8,62,0,0.6,1,Maria da Luz,0,1,0,NA,1,"A chuva agora e excassa, chove em qualquer mes",0,0,0,1,0,0,1,5,5,3,5,5,5,5,2,0,5,1,5,0,0,0,NA,1,0,0,0,1,0,0,0,0,0,1,0,1,0,0,0,5,0,0,5,5,0,0,0,0,0,2,0,1,0,0,0,5,2,0,4,0,0,NA,0,0,0,0,0,0,"Comunicar ao presidente da associacao a pedir que toda a comunidade participe activamente nos encontros sobre comomlhorar a producao, ter visitas frquentes de extensionistass",Yara,Como combater as pragas acricolas
98,Farmer,Odzoana,Marracuene,Close,7/25/2020,0,1,Primary,0,0,8,48,0,1,1,Maria da Luz,0,1,0,NA,1,A frequencia da chuva mudou,0,0,0,0,0,0,1,3,5,2,4,5,5,2,1,0,5,2,5,0,0,0,NA,1,0,0,1,1,0,1,0,0,0,1,0,0,0,0,1,5,1,0,5,5,0,0,0,0,0,0,0,0,0,0,5,5,0,0,0,0,0,NA,0,0,0,0,0,0,"Visitas frequentes dos extensionistas, radio, televisao",Yara,NA
99,Farmer,Odzoana,Marracuene,Close,7/25/2020,0,1,NoSchool,1,0,2,74,0,3,1,Maria da Luz,0,0,0,NA,1,Falta de chuva,0,0,0,1,0,0,0,0,5,5,5,0,0,0,0,0,5,0,5,0,0,0,NA,1,0,0,1,0,0,0,0,0,0,1,0,1,0,0,0,5,0,0,5,0,0,0,0,0,0,0,0,0,0,0,0,5,0,0,0,0,0,NA,0,0,0,0,0,0,Visitas frequentes dos extensionistas,Yara,NA
100,Farmer,Ngalunde,Marracuene,Close,7/25/2020,0,0,Primary,0,0,7,40,0,0.36,1,Andre Awade,0,1,0,NA,1,"Aumento da temperatura, perda da producao",1,1,0,0,0,0,0,2,5,2,5,4,0,0,0,3,2,0,4,0,0,0,NA,1,0,0,1,1,0,0,0,0,0,1,0,0,0,0,0,5,3,0,5,5,0,5,0,0,0,4,0,0,0,0,0,0,0,2,0,0,0,NA,0,5,5,0,0,0,"Aumentar as visitas de extensionistas, sinal de radio e televisao",Yara,NA
101,SH,Direccao Provincial de Agricultura de Niassa,Marrupa,Far,11/4/2019,1,NA,NA,NA,NA,NA,NA,NA,NA,NA,NA,NA,NA,NA,NA,1,0,0,0,0,1,0,0,1,0,5,0,4,0,0,4,0,0,2,0,3,0,0,0,Radio. Extensionist. Other farmers. ,1,1,1,1,1,1,1,1,1,1,1,0,0,0,1,1,0,0,0,0,0,0,0,0,0,0,0,0,0,0,0,0,3.5,2,2,1,1,0,3,1,4,4,4,1,2,-,Pedro,
102,SH,SDAE Marrupa,Marrupa,Far,11/6/2019,1,NA,NA,NA,NA,NA,NA,NA,NA,NA,NA,NA,NA,NA,NA,1,0,0,0,0,1,0,0,1,3,5,5,5,5,3,5,5,3,5,5,5,0,0,4,,1,1,1,1,1,1,1,1,1,0,1,0,0,1,1,1,5,4,2,5,5,5,4,5,3,3,5,5,5,4,5,5,0,0,5,1,4,5,1,3,3,5,5,4,4,"Increase number of extension officers, Increase number of motorbikes and fuel, Improve material needed by extension officers, improve training, improve radio programs",Pedro,
103,SH,Servicios Provinciais Gaza,Mabalane,Far,11/14/2019,1,NA,NA,NA,NA,NA,NA,NA,NA,NA,NA,NA,NA,NA,NA,1,0,0,0,0,0,0,0,1,4,5,4,4,4,5,5,5,5,3,2,2,0,0,2,Extensionist,1,1,0,1,1,1,1,1,1,0,1,0,0,0,1,1,5,4,1,5,5,4,4,5,4,1,5,5,1,0,4,5,3,4,4,1,1,5,4,3,4,4,5,5,3,-,Pedro,
104,SH,HelpCode,Marracuene,Close,9/10/2019,0,NA,NA,NA,NA,NA,NA,NA,NA,NA,NA,NA,NA,NA,NA,1,NA,NA,NA,NA,NA,NA,NA,NA,0,0,0,0,0,0,0,0,0,0,0,0,0,0,0,,0,0,0,0,0,0,0,0,0,0,1,0,0,0,0,0,0,0,0,0,0,0,0,0,0,0,0,0,0,0,0,0,0,0,0,0,0,0,0,0,0,0,0,0,0,,Pedro,
105,SH,Fundacao Encontro,Boane,Close,2/5/2020,1,NA,NA,NA,NA,NA,NA,NA,NA,NA,NA,NA,NA,NA,NA,1,NA,NA,NA,NA,NA,NA,NA,NA,0,4,0,0,4,0,3,2,2,3,0,5,0,0,0,,1,1,0,1,1,1,0,1,0,0,1,1,1,0,1,1,0,0,0,0,0,0,0,0,0,0,0,0,0,0,0,0,5,1,5,1,1,3,NA,1,4,4,1,5,3,"Hay centros de formaci�n, pero no para adultos. *Est� asociado a la falta de conocimiento. Si creen que es normal, no se ponen a buscar la soluci�n. El papel del gobierno es importante para crear esa capacidad de las personas, saber que ahora est�n a sufrir momentos cr�ticos, y que entonces pueden ir a buscar informaci�n y soluciones. El gobierno tiene una gran responsabilidad en esto. � Programas de capacitacio, formacao, escalas. Los formados, podr�an buscar m�s soliciones, por ejemplko, ir a los bancos. Pograma de formaci�n para adultos, para productores. Una instituci�n financiera, que venga para explicar a los agricultores como ellos pueden. ",Pedro,"�Aqu� me surgi� la idea de que puede que s�lo con programas que les hagan ver que el CC est� ocurriendo, y c�mo otros agricultores simialres actu�n para adaptarse y mejorar, podr�a ser un gran cambio  para ellos: para saber que lo que est� pasando no es normal, que se puede conseguir informaci�n, organizarse mejor, mejorar su situaci�n, etc� "
106,SH,Justicia Ambiental,Nacional,NA,2/7/2020,1,NA,NA,NA,NA,NA,NA,NA,NA,NA,NA,NA,NA,NA,NA,1,NA,NA,NA,NA,NA,NA,NA,NA,3,5,1,3,3,4,2,3,1,2,3,3,2,0,4,"A informacao procuram atraves de extensionistas da rede nacional ou privado e agricultores mais experientes ou mesmo ONGs. Importa referir que no caso de mocambique em concreto basea-se muito em conhecimento ancestral, combinando os habitos e costumes tradicionais, e isto faz com que haja resistencia em aprender novas praticas e novo conhecimento.",1,0,0,1,1,1,1,1,1,0,1,0,0,0,1,0,3,1,0,3,3,4,5,5,3,0,4,0,1,1,3,1,3,3,4,4,1,0,2,3,3,2,1,3,1,"Apostar na educacao e formacao dos pequenos agricultores; apostar em campos de demonstracao de resultados, estender a nossa rede de extensao, formacao de extensionistas. Radio comunitaria � muito ouvida nas zonas rurais, ha necessidade de usar estas plataformas para fazer chegar a informacao a maioria da populacao sem acesso aos outros orgaos de comunicacao social; reunioes comunitarias, nas igrejas, alto falantes, escolas, etc. Abordar a limitante por falta de uma politica virada exclusivamente para agricultura familiar; investir com mesma pujanca que se investe para agricultura orientada para o mercado; expansao da rede nacional de extencao, processamento pos colheita, sistemas de regadio, vias de acesso para escoamento de produtos agricolas, acesso ao mercado, credito bonificado. Abordar o tema adapatacao de forma isolada para nos nao constitui uma alternativa efectiva, � preciso conjugar este esforco com a mitigacao como forma de prevencao, porque mais vale previnir que remidiar.",Pedro,
107,SH,HelpCode,Marracuene,Close,2/12/2020,0,NA,NA,NA,NA,NA,NA,NA,NA,NA,NA,NA,NA,NA,NA,1,NA,NA,NA,NA,NA,NA,NA,NA,2,5,3,3,0,0,4,2,1,3,1,5,3,0,1,Extensionist,1,1,0,1,1,1,0,1,0,0,0,1,1,0,1,1,5,4,5,4,5,5,2,5,2,3,5,5,5,1,3,4,4,4,5,5,3,3,NA,2,2,2,4,4,1,,Pedro,
108,SH,CESAL,Nacional,Close,3/13/2020,0,NA,NA,NA,NA,NA,NA,NA,NA,NA,NA,NA,NA,NA,NA,2,NA,1,0,0,1,1,1,1,4,4,4,5,1,2,2,2,1,2,3,5,2,0,5,"Friends, and if they do not know, to extensionists",1,1,0,1,1,1,1,0,1,0,0,0,1,0,0,1,5,4,3,4,5,3,5,5,3,2,2,5,5,2,4,5,5,5,5,1,2,2,5,4,4,2,3,4,4,"He also talked about the importance of openning minds, showing what they can do. E.g., by visiting succesful farmers, via films or TV",Pedro,"And also about the lack of infrastructures, like e.g. roads., what have a strong influence on the capacity to implement the new knowledge"
109,SH,Bosque y Comunidad,Gaza e Maputo,Close,5/4/2020,0,NA,NA,NA,NA,NA,NA,NA,NA,NA,NA,NA,NA,NA,NA,1,NA,NA,NA,NA,NA,NA,NA,NA,3,5,5,5,3,5,5,5,5,5,5,4,0,0,0,"SDAE, outras organiza��es locais e ONGs",1,0,0,1,1,1,1,1,1,0,1,0,0,0,1,1,5,1,1,5,5,5,5,5,5,1,3,1,1,0,4,3,5,5,2,2,1,0,3,3,3,1,3,5,3,To ask farmers: they know the best. Adapt the information and the method of information transference to the interests and needs of farmers in each region. ,Pedro,"Through voice and experience. CDRs, applied methods, monitoring and accompaniying the farmers through the whole production cycle: seeds productyion, storage, marketing, etc. "
